,Holiday_Index
2015-01-01,0.0
2015-01-02,0.0
2015-01-03,0.0
2015-01-04,0.0
2015-01-05,0.0
2015-01-06,0.0
2015-01-07,0.0
2015-01-08,0.0
2015-01-09,0.0
2015-01-10,0.0
2015-01-11,0.0
2015-01-12,0.0
2015-01-13,0.0
2015-01-14,0.0
2015-01-15,0.0
2015-01-16,0.0
2015-01-17,0.0
2015-01-18,0.0
2015-01-19,0.0
2015-01-20,0.0
2015-01-21,0.0
2015-01-22,0.0
2015-01-23,0.0
2015-01-24,0.0
2015-01-25,0.0
2015-01-26,0.0
2015-01-27,0.0
2015-01-28,0.0
2015-01-29,0.0
2015-01-30,0.022
2015-01-31,0.0
2015-02-01,0.0
2015-02-02,0.25
2015-02-03,0.25
2015-02-04,0.223
2015-02-05,0.223
2015-02-06,0.223
2015-02-07,0.223
2015-02-08,0.122
2015-02-09,0.171
2015-02-10,0.171
2015-02-11,0.171
2015-02-12,0.171
2015-02-13,0.171
2015-02-14,0.171
2015-02-15,0.048
2015-02-16,0.219
2015-02-17,0.219
2015-02-18,0.219
2015-02-19,0.219
2015-02-20,0.219
2015-02-21,0.06
2015-02-22,0.0
2015-02-23,0.0
2015-02-24,0.0
2015-02-25,0.0
2015-02-26,0.0
2015-02-27,0.0
2015-02-28,0.0
2015-03-01,0.0
2015-03-02,0.022
2015-03-03,0.022
2015-03-04,0.022
2015-03-05,0.022
2015-03-06,0.022
2015-03-07,0.022
2015-03-08,0.022
2015-03-09,0.022
2015-03-10,0.022
2015-03-11,0.022
2015-03-12,0.022
2015-03-13,0.022
2015-03-14,0.0
2015-03-15,0.0
2015-03-16,0.0
2015-03-17,0.0
2015-03-18,0.0
2015-03-19,0.0
2015-03-20,0.0
2015-03-21,0.0
2015-03-22,0.0
2015-03-23,0.0
2015-03-24,0.0
2015-03-25,0.027
2015-03-26,0.077
2015-03-27,0.077
2015-03-28,0.077
2015-03-29,0.077
2015-03-30,0.838
2015-03-31,0.838
2015-04-01,0.903
2015-04-02,0.978
2015-04-03,0.952
2015-04-04,0.952
2015-04-05,0.952
2015-04-06,0.952
2015-04-07,0.952
2015-04-08,0.952
2015-04-09,0.855
2015-04-10,0.855
2015-04-11,0.645
2015-04-12,0.035
2015-04-13,0.035
2015-04-14,0.035
2015-04-15,0.035
2015-04-16,0.035
2015-04-17,0.035
2015-04-18,0.0
2015-04-19,0.0
2015-04-20,0.0
2015-04-21,0.0
2015-04-22,0.0
2015-04-23,0.0
2015-04-24,0.0
2015-04-25,0.0
2015-04-26,0.0
2015-04-27,0.0
2015-04-28,0.0
2015-04-29,0.0
2015-04-30,0.0
2015-05-01,0.0
2015-05-02,0.0
2015-05-03,0.0
2015-05-04,0.0
2015-05-05,0.0
2015-05-06,0.0
2015-05-07,0.0
2015-05-08,0.0
2015-05-09,0.0
2015-05-10,0.0
2015-05-11,0.022
2015-05-12,0.022
2015-05-13,0.022
2015-05-14,0.022
2015-05-15,0.259
2015-05-16,0.026
2015-05-17,0.026
2015-05-18,0.026
2015-05-19,0.026
2015-05-20,0.026
2015-05-21,0.026
2015-05-22,0.122
2015-05-23,0.122
2015-05-24,0.096
2015-05-25,0.096
2015-05-26,0.676
2015-05-27,0.292
2015-05-28,0.292
2015-05-29,0.292
2015-05-30,0.292
2015-05-31,0.292
2015-06-01,0.292
2015-06-02,0.292
2015-06-03,0.292
2015-06-04,0.292
2015-06-05,0.292
2015-06-06,0.134
2015-06-07,0.0
2015-06-08,0.0
2015-06-09,0.0
2015-06-10,0.0
2015-06-11,0.0
2015-06-12,0.0
2015-06-13,0.0
2015-06-14,0.0
2015-06-15,0.0
2015-06-16,0.0
2015-06-17,0.0
2015-06-18,0.0
2015-06-19,0.0
2015-06-20,0.0
2015-06-21,0.0
2015-06-22,0.0
2015-06-23,0.0
2015-06-24,0.0
2015-06-25,0.0
2015-06-26,0.0
2015-06-27,0.0
2015-06-28,0.0
2015-06-29,0.215
2015-06-30,0.215
2015-07-01,0.215
2015-07-02,0.215
2015-07-03,0.215
2015-07-04,0.215
2015-07-05,0.215
2015-07-06,0.215
2015-07-07,0.215
2015-07-08,0.215
2015-07-09,0.215
2015-07-10,0.215
2015-07-11,0.215
2015-07-12,0.215
2015-07-13,0.315
2015-07-14,0.315
2015-07-15,0.315
2015-07-16,0.412
2015-07-17,0.412
2015-07-18,0.412
2015-07-19,0.412
2015-07-20,0.544
2015-07-21,0.544
2015-07-22,0.544
2015-07-23,0.571
2015-07-24,0.571
2015-07-25,0.571
2015-07-26,0.571
2015-07-27,0.708
2015-07-28,0.708
2015-07-29,0.708
2015-07-30,0.842
2015-07-31,0.842
2015-08-01,1.0
2015-08-02,1.0
2015-08-03,1.0
2015-08-04,1.0
2015-08-05,1.0
2015-08-06,1.0
2015-08-07,1.0
2015-08-08,1.0
2015-08-09,1.0
2015-08-10,1.0
2015-08-11,1.0
2015-08-12,0.785
2015-08-13,0.785
2015-08-14,0.785
2015-08-15,0.785
2015-08-16,0.785
2015-08-17,0.785
2015-08-18,0.785
2015-08-19,0.785
2015-08-20,0.785
2015-08-21,0.785
2015-08-22,0.711
2015-08-23,0.711
2015-08-24,0.711
2015-08-25,0.711
2015-08-26,0.711
2015-08-27,0.663
2015-08-28,0.663
2015-08-29,0.588
2015-08-30,0.456
2015-08-31,0.456
2015-09-01,0.456
2015-09-02,0.456
2015-09-03,0.429
2015-09-04,0.429
2015-09-05,0.304
2015-09-06,0.292
2015-09-07,0.292
2015-09-08,0.292
2015-09-09,0.292
2015-09-10,0.292
2015-09-11,0.292
2015-09-12,0.292
2015-09-13,0.158
2015-09-14,0.158
2015-09-15,0.0
2015-09-16,0.0
2015-09-17,0.0
2015-09-18,0.0
2015-09-19,0.0
2015-09-20,0.0
2015-09-21,0.0
2015-09-22,0.0
2015-09-23,0.0
2015-09-24,0.0
2015-09-25,0.0
2015-09-26,0.0
2015-09-27,0.0
2015-09-28,0.0
2015-09-29,0.0
2015-09-30,0.0
2015-10-01,0.0
2015-10-02,0.0
2015-10-03,0.0
2015-10-04,0.0
2015-10-05,0.24
2015-10-06,0.24
2015-10-07,0.24
2015-10-08,0.24
2015-10-09,0.24
2015-10-10,0.24
2015-10-11,0.24
2015-10-12,0.289
2015-10-13,0.289
2015-10-14,0.289
2015-10-15,0.289
2015-10-16,0.289
2015-10-17,0.315
2015-10-18,0.074
2015-10-19,0.371
2015-10-20,0.371
2015-10-21,0.371
2015-10-22,0.371
2015-10-23,0.371
2015-10-24,0.468
2015-10-25,0.393
2015-10-26,0.393
2015-10-27,0.393
2015-10-28,0.393
2015-10-29,0.393
2015-10-30,0.393
2015-10-31,0.328
2015-11-01,0.0
2015-11-02,0.292
2015-11-03,0.292
2015-11-04,0.292
2015-11-05,0.292
2015-11-06,0.292
2015-11-07,0.158
2015-11-08,0.0
2015-11-09,0.0
2015-11-10,0.0
2015-11-11,0.0
2015-11-12,0.0
2015-11-13,0.0
2015-11-14,0.0
2015-11-15,0.0
2015-11-16,0.0
2015-11-17,0.0
2015-11-18,0.158
2015-11-19,0.0
2015-11-20,0.0
2015-11-21,0.0
2015-11-22,0.0
2015-11-23,0.0
2015-11-24,0.0
2015-11-25,0.0
2015-11-26,0.0
2015-11-27,0.0
2015-11-28,0.0
2015-11-29,0.0
2015-11-30,0.0
2015-12-01,0.0
2015-12-02,0.0
2015-12-03,0.0
2015-12-04,0.0
2015-12-05,0.0
2015-12-06,0.0
2015-12-07,0.0
2015-12-08,0.0
2015-12-09,0.0
2015-12-10,0.0
2015-12-11,0.0
2015-12-12,0.0
2015-12-13,0.0
2015-12-14,0.0
2015-12-15,0.0
2015-12-16,0.0
2015-12-17,0.0
2015-12-18,0.0
2015-12-19,0.0
2015-12-20,0.0
2015-12-21,0.24
2015-12-22,0.24
2015-12-23,0.842
2015-12-24,1.0
2015-12-25,1.0
2015-12-26,1.0
2015-12-27,1.0
2015-12-28,1.0
2015-12-29,1.0
2015-12-30,1.0
2015-12-31,1.0
2016-01-01,1.0
2016-01-02,0.978
2016-01-03,0.721
2016-01-04,0.721
2016-01-05,0.721
2016-01-06,0.536
2016-01-07,0.259
2016-01-08,0.259
2016-01-09,0.209
2016-01-10,0.0
2016-01-11,0.0
2016-01-12,0.0
2016-01-13,0.0
2016-01-14,0.0
2016-01-15,0.0
2016-01-16,0.0
2016-01-17,0.0
2016-01-18,0.0
2016-01-19,0.0
2016-01-20,0.0
2016-01-21,0.0
2016-01-22,0.0
2016-01-23,0.0
2016-01-24,0.0
2016-01-25,0.0
2016-01-26,0.0
2016-01-27,0.0
2016-01-28,0.027
2016-01-29,0.05
2016-01-30,0.0
2016-01-31,0.0
2016-02-01,0.223
2016-02-02,0.223
2016-02-03,0.223
2016-02-04,0.223
2016-02-05,0.223
2016-02-06,0.223
2016-02-07,0.122
2016-02-08,0.341
2016-02-09,0.341
2016-02-10,0.341
2016-02-11,0.315
2016-02-12,0.315
2016-02-13,0.157
2016-02-14,0.048
2016-02-15,0.048
2016-02-16,0.048
2016-02-17,0.048
2016-02-18,0.048
2016-02-19,0.048
2016-02-20,0.048
2016-02-21,0.0
2016-02-22,0.0
2016-02-23,0.0
2016-02-24,0.0
2016-02-25,0.0
2016-02-26,0.0
2016-02-27,0.0
2016-02-28,0.0
2016-02-29,0.0
2016-03-01,0.0
2016-03-02,0.0
2016-03-03,0.0
2016-03-04,0.0
2016-03-05,0.0
2016-03-06,0.0
2016-03-07,0.022
2016-03-08,0.022
2016-03-09,0.022
2016-03-10,0.022
2016-03-11,0.022
2016-03-12,0.022
2016-03-13,0.022
2016-03-14,0.022
2016-03-15,0.022
2016-03-16,0.022
2016-03-17,0.022
2016-03-18,0.099
2016-03-19,0.077
2016-03-20,0.077
2016-03-21,0.591
2016-03-22,0.591
2016-03-23,0.622
2016-03-24,0.708
2016-03-25,0.73
2016-03-26,0.73
2016-03-27,0.73
2016-03-28,0.73
2016-03-29,0.952
2016-03-30,0.952
2016-03-31,0.855
2016-04-01,0.855
2016-04-02,0.647
2016-04-03,0.123
2016-04-04,0.123
2016-04-05,0.123
2016-04-06,0.123
2016-04-07,0.123
2016-04-08,0.123
2016-04-09,0.123
2016-04-10,0.0
2016-04-11,0.0
2016-04-12,0.0
2016-04-13,0.0
2016-04-14,0.0
2016-04-15,0.0
2016-04-16,0.0
2016-04-17,0.0
2016-04-18,0.0
2016-04-19,0.0
2016-04-20,0.0
2016-04-21,0.0
2016-04-22,0.0
2016-04-23,0.0
2016-04-24,0.0
2016-04-25,0.0
2016-04-26,0.0
2016-04-27,0.0
2016-04-28,0.0
2016-04-29,0.0
2016-04-30,0.0
2016-05-01,0.0
2016-05-02,0.0
2016-05-03,0.0
2016-05-04,0.0
2016-05-05,0.0
2016-05-06,0.229
2016-05-07,0.026
2016-05-08,0.026
2016-05-09,0.026
2016-05-10,0.026
2016-05-11,0.026
2016-05-12,0.026
2016-05-13,0.026
2016-05-14,0.122
2016-05-15,0.096
2016-05-16,0.096
2016-05-17,0.729
2016-05-18,0.359
2016-05-19,0.315
2016-05-20,0.315
2016-05-21,0.292
2016-05-22,0.292
2016-05-23,0.292
2016-05-24,0.292
2016-05-25,0.292
2016-05-26,0.292
2016-05-27,0.292
2016-05-28,0.292
2016-05-29,0.0
2016-05-30,0.0
2016-05-31,0.0
2016-06-01,0.0
2016-06-02,0.0
2016-06-03,0.0
2016-06-04,0.0
2016-06-05,0.0
2016-06-06,0.0
2016-06-07,0.0
2016-06-08,0.0
2016-06-09,0.0
2016-06-10,0.0
2016-06-11,0.0
2016-06-12,0.0
2016-06-13,0.0
2016-06-14,0.0
2016-06-15,0.0
2016-06-16,0.0
2016-06-17,0.0
2016-06-18,0.0
2016-06-19,0.0
2016-06-20,0.0
2016-06-21,0.0
2016-06-22,0.0
2016-06-23,0.027
2016-06-24,0.027
2016-06-25,0.027
2016-06-26,0.027
2016-06-27,0.127
2016-06-28,0.127
2016-06-29,0.127
2016-06-30,0.127
2016-07-01,0.127
2016-07-02,0.127
2016-07-03,0.127
2016-07-04,0.127
2016-07-05,0.127
2016-07-06,0.127
2016-07-07,0.127
2016-07-08,0.127
2016-07-09,0.127
2016-07-10,0.127
2016-07-11,0.342
2016-07-12,0.342
2016-07-13,0.342
2016-07-14,0.342
2016-07-15,0.342
2016-07-16,0.342
2016-07-17,0.342
2016-07-18,0.479
2016-07-19,0.479
2016-07-20,0.479
2016-07-21,0.576
2016-07-22,0.576
2016-07-23,0.576
2016-07-24,0.576
2016-07-25,0.708
2016-07-26,0.708
2016-07-27,0.708
2016-07-28,0.842
2016-07-29,0.842
2016-07-30,1.0
2016-07-31,1.0
2016-08-01,1.0
2016-08-02,1.0
2016-08-03,1.0
2016-08-04,0.973
2016-08-05,0.973
2016-08-06,0.924
2016-08-07,0.924
2016-08-08,0.924
2016-08-09,0.924
2016-08-10,0.924
2016-08-11,0.873
2016-08-12,0.873
2016-08-13,0.873
2016-08-14,0.873
2016-08-15,0.873
2016-08-16,0.873
2016-08-17,0.873
2016-08-18,0.873
2016-08-19,0.873
2016-08-20,0.873
2016-08-21,0.873
2016-08-22,0.873
2016-08-23,0.873
2016-08-24,0.658
2016-08-25,0.658
2016-08-26,0.658
2016-08-27,0.533
2016-08-28,0.521
2016-08-29,0.521
2016-08-30,0.521
2016-08-31,0.521
2016-09-01,0.499
2016-09-02,0.499
2016-09-03,0.454
2016-09-04,0.292
2016-09-05,0.292
2016-09-06,0.292
2016-09-07,0.292
2016-09-08,0.292
2016-09-09,0.292
2016-09-10,0.292
2016-09-11,0.158
2016-09-12,0.158
2016-09-13,0.0
2016-09-14,0.0
2016-09-15,0.0
2016-09-16,0.0
2016-09-17,0.0
2016-09-18,0.0
2016-09-19,0.0
2016-09-20,0.0
2016-09-21,0.0
2016-09-22,0.0
2016-09-23,0.0
2016-09-24,0.0
2016-09-25,0.0
2016-09-26,0.0
2016-09-27,0.0
2016-09-28,0.0
2016-09-29,0.0
2016-09-30,0.0
2016-10-01,0.0
2016-10-02,0.0
2016-10-03,0.048
2016-10-04,0.102
2016-10-05,0.102
2016-10-06,0.102
2016-10-07,0.102
2016-10-08,0.102
2016-10-09,0.102
2016-10-10,0.403
2016-10-11,0.403
2016-10-12,0.403
2016-10-13,0.403
2016-10-14,0.403
2016-10-15,0.403
2016-10-16,0.301
2016-10-17,0.51
2016-10-18,0.51
2016-10-19,0.51
2016-10-20,0.51
2016-10-21,0.51
2016-10-22,0.245
2016-10-23,0.208
2016-10-24,0.305
2016-10-25,0.305
2016-10-26,0.305
2016-10-27,0.305
2016-10-28,0.305
2016-10-29,0.111
2016-10-30,0.0
2016-10-31,0.158
2016-11-01,0.158
2016-11-02,0.292
2016-11-03,0.292
2016-11-04,0.292
2016-11-05,0.0
2016-11-06,0.0
2016-11-07,0.0
2016-11-08,0.0
2016-11-09,0.0
2016-11-10,0.0
2016-11-11,0.0
2016-11-12,0.0
2016-11-13,0.0
2016-11-14,0.0
2016-11-15,0.0
2016-11-16,0.158
2016-11-17,0.0
2016-11-18,0.0
2016-11-19,0.0
2016-11-20,0.0
2016-11-21,0.0
2016-11-22,0.0
2016-11-23,0.0
2016-11-24,0.0
2016-11-25,0.0
2016-11-26,0.0
2016-11-27,0.0
2016-11-28,0.0
2016-11-29,0.0
2016-11-30,0.0
2016-12-01,0.0
2016-12-02,0.0
2016-12-03,0.0
2016-12-04,0.0
2016-12-05,0.0
2016-12-06,0.0
2016-12-07,0.0
2016-12-08,0.0
2016-12-09,0.0
2016-12-10,0.0
2016-12-11,0.0
2016-12-12,0.0
2016-12-13,0.0
2016-12-14,0.0
2016-12-15,0.0
2016-12-16,0.0
2016-12-17,0.0
2016-12-18,0.0
2016-12-19,0.038
2016-12-20,0.038
2016-12-21,0.065
2016-12-22,0.287
2016-12-23,0.819
2016-12-24,0.978
2016-12-25,0.978
2016-12-26,0.978
2016-12-27,1.0
2016-12-28,1.0
2016-12-29,1.0
2016-12-30,1.0
2016-12-31,1.0
2017-01-01,0.963
2017-01-02,0.963
2017-01-03,0.792
2017-01-04,0.717
2017-01-05,0.717
2017-01-06,0.559
2017-01-07,0.209
2017-01-08,0.0
2017-01-09,0.0
2017-01-10,0.0
2017-01-11,0.0
2017-01-12,0.0
2017-01-13,0.0
2017-01-14,0.0
2017-01-15,0.0
2017-01-16,0.0
2017-01-17,0.0
2017-01-18,0.0
2017-01-19,0.0
2017-01-20,0.0
2017-01-21,0.0
2017-01-22,0.0
2017-01-23,0.0
2017-01-24,0.0
2017-01-25,0.0
2017-01-26,0.0
2017-01-27,0.0
2017-01-28,0.0
2017-01-29,0.0
2017-01-30,0.125
2017-01-31,0.102
2017-02-01,0.075
2017-02-02,0.075
2017-02-03,0.075
2017-02-04,0.056
2017-02-05,0.026
2017-02-06,0.148
2017-02-07,0.148
2017-02-08,0.148
2017-02-09,0.148
2017-02-10,0.148
2017-02-11,0.148
2017-02-12,0.096
2017-02-13,0.145
2017-02-14,0.145
2017-02-15,0.145
2017-02-16,0.145
2017-02-17,0.145
2017-02-18,0.145
2017-02-19,0.048
2017-02-20,0.048
2017-02-21,0.048
2017-02-22,0.048
2017-02-23,0.048
2017-02-24,0.048
2017-02-25,0.0
2017-02-26,0.0
2017-02-27,0.17
2017-02-28,0.17
2017-03-01,0.17
2017-03-02,0.17
2017-03-03,0.17
2017-03-04,0.012
2017-03-05,0.0
2017-03-06,0.022
2017-03-07,0.022
2017-03-08,0.022
2017-03-09,0.022
2017-03-10,0.022
2017-03-11,0.022
2017-03-12,0.022
2017-03-13,0.022
2017-03-14,0.022
2017-03-15,0.022
2017-03-16,0.022
2017-03-17,0.022
2017-03-18,0.0
2017-03-19,0.0
2017-03-20,0.0
2017-03-21,0.0
2017-03-22,0.0
2017-03-23,0.0
2017-03-24,0.0
2017-03-25,0.0
2017-03-26,0.0
2017-03-27,0.0
2017-03-28,0.0
2017-03-29,0.0
2017-03-30,0.0
2017-03-31,0.0
2017-04-01,0.0
2017-04-02,0.0
2017-04-03,0.076
2017-04-04,0.076
2017-04-05,0.076
2017-04-06,0.076
2017-04-07,0.111
2017-04-08,0.111
2017-04-09,0.111
2017-04-10,0.899
2017-04-11,0.899
2017-04-12,0.929
2017-04-13,0.978
2017-04-14,0.952
2017-04-15,0.952
2017-04-16,0.876
2017-04-17,0.876
2017-04-18,0.876
2017-04-19,0.831
2017-04-20,0.735
2017-04-21,0.735
2017-04-22,0.492
2017-04-23,0.0
2017-04-24,0.0
2017-04-25,0.0
2017-04-26,0.0
2017-04-27,0.0
2017-04-28,0.0
2017-04-29,0.0
2017-04-30,0.0
2017-05-01,0.0
2017-05-02,0.0
2017-05-03,0.0
2017-05-04,0.0
2017-05-05,0.0
2017-05-06,0.0
2017-05-07,0.0
2017-05-08,0.0
2017-05-09,0.0
2017-05-10,0.0
2017-05-11,0.0
2017-05-12,0.0
2017-05-13,0.0
2017-05-14,0.0
2017-05-15,0.0
2017-05-16,0.0
2017-05-17,0.0
2017-05-18,0.0
2017-05-19,0.0
2017-05-20,0.0
2017-05-21,0.0
2017-05-22,0.022
2017-05-23,0.022
2017-05-24,0.067
2017-05-25,0.022
2017-05-26,0.229
2017-05-27,0.0
2017-05-28,0.0
2017-05-29,0.0
2017-05-30,0.0
2017-05-31,0.0
2017-06-01,0.0
2017-06-02,0.096
2017-06-03,0.096
2017-06-04,0.096
2017-06-05,0.096
2017-06-06,0.676
2017-06-07,0.337
2017-06-08,0.337
2017-06-09,0.337
2017-06-10,0.292
2017-06-11,0.292
2017-06-12,0.292
2017-06-13,0.292
2017-06-14,0.292
2017-06-15,0.292
2017-06-16,0.292
2017-06-17,0.0
2017-06-18,0.0
2017-06-19,0.0
2017-06-20,0.0
2017-06-21,0.0
2017-06-22,0.027
2017-06-23,0.027
2017-06-24,0.027
2017-06-25,0.027
2017-06-26,0.127
2017-06-27,0.127
2017-06-28,0.127
2017-06-29,0.127
2017-06-30,0.127
2017-07-01,0.127
2017-07-02,0.127
2017-07-03,0.264
2017-07-04,0.264
2017-07-05,0.264
2017-07-06,0.264
2017-07-07,0.264
2017-07-08,0.264
2017-07-09,0.264
2017-07-10,0.264
2017-07-11,0.264
2017-07-12,0.264
2017-07-13,0.264
2017-07-14,0.264
2017-07-15,0.264
2017-07-16,0.264
2017-07-17,0.479
2017-07-18,0.479
2017-07-19,0.479
2017-07-20,0.576
2017-07-21,0.576
2017-07-22,0.576
2017-07-23,0.576
2017-07-24,0.708
2017-07-25,0.708
2017-07-26,0.708
2017-07-27,0.842
2017-07-28,0.842
2017-07-29,1.0
2017-07-30,1.0
2017-07-31,1.0
2017-08-01,1.0
2017-08-02,1.0
2017-08-03,0.973
2017-08-04,0.973
2017-08-05,0.924
2017-08-06,0.924
2017-08-07,0.924
2017-08-08,0.924
2017-08-09,0.924
2017-08-10,0.873
2017-08-11,0.873
2017-08-12,0.748
2017-08-13,0.748
2017-08-14,0.748
2017-08-15,0.736
2017-08-16,0.736
2017-08-17,0.736
2017-08-18,0.736
2017-08-19,0.736
2017-08-20,0.736
2017-08-21,0.736
2017-08-22,0.736
2017-08-23,0.736
2017-08-24,0.736
2017-08-25,0.736
2017-08-26,0.736
2017-08-27,0.736
2017-08-28,0.736
2017-08-29,0.736
2017-08-30,0.521
2017-08-31,0.499
2017-09-01,0.499
2017-09-02,0.424
2017-09-03,0.292
2017-09-04,0.292
2017-09-05,0.292
2017-09-06,0.292
2017-09-07,0.292
2017-09-08,0.292
2017-09-09,0.292
2017-09-10,0.158
2017-09-11,0.158
2017-09-12,0.0
2017-09-13,0.0
2017-09-14,0.0
2017-09-15,0.0
2017-09-16,0.0
2017-09-17,0.0
2017-09-18,0.0
2017-09-19,0.0
2017-09-20,0.0
2017-09-21,0.0
2017-09-22,0.0
2017-09-23,0.0
2017-09-24,0.0
2017-09-25,0.0
2017-09-26,0.0
2017-09-27,0.0
2017-09-28,0.0
2017-09-29,0.0
2017-09-30,0.0
2017-10-01,0.0
2017-10-02,0.352
2017-10-03,0.188
2017-10-04,0.188
2017-10-05,0.188
2017-10-06,0.188
2017-10-07,0.188
2017-10-08,0.188
2017-10-09,0.264
2017-10-10,0.264
2017-10-11,0.264
2017-10-12,0.264
2017-10-13,0.264
2017-10-14,0.169
2017-10-15,0.076
2017-10-16,0.133
2017-10-17,0.133
2017-10-18,0.133
2017-10-19,0.133
2017-10-20,0.133
2017-10-21,0.133
2017-10-22,0.057
2017-10-23,0.444
2017-10-24,0.444
2017-10-25,0.444
2017-10-26,0.444
2017-10-27,0.444
2017-10-28,0.387
2017-10-29,0.387
2017-10-30,0.781
2017-10-31,0.582
2017-11-01,0.582
2017-11-02,0.582
2017-11-03,0.582
2017-11-04,0.29
2017-11-05,0.0
2017-11-06,0.0
2017-11-07,0.0
2017-11-08,0.0
2017-11-09,0.0
2017-11-10,0.0
2017-11-11,0.0
2017-11-12,0.0
2017-11-13,0.0
2017-11-14,0.0
2017-11-15,0.0
2017-11-16,0.0
2017-11-17,0.0
2017-11-18,0.0
2017-11-19,0.0
2017-11-20,0.0
2017-11-21,0.0
2017-11-22,0.158
2017-11-23,0.0
2017-11-24,0.0
2017-11-25,0.0
2017-11-26,0.0
2017-11-27,0.0
2017-11-28,0.0
2017-11-29,0.0
2017-11-30,0.0
2017-12-01,0.0
2017-12-02,0.0
2017-12-03,0.0
2017-12-04,0.0
2017-12-05,0.0
2017-12-06,0.0
2017-12-07,0.0
2017-12-08,0.0
2017-12-09,0.0
2017-12-10,0.0
2017-12-11,0.0
2017-12-12,0.0
2017-12-13,0.0
2017-12-14,0.0
2017-12-15,0.0
2017-12-16,0.0
2017-12-17,0.0
2017-12-18,0.0
2017-12-19,0.0
2017-12-20,0.0
2017-12-21,0.244
2017-12-22,0.502
2017-12-23,0.709
2017-12-24,0.785
2017-12-25,0.785
2017-12-26,0.785
2017-12-27,1.0
2017-12-28,1.0
2017-12-29,1.0
2017-12-30,1.0
2017-12-31,1.0
2018-01-01,1.0
2018-01-02,1.0
2018-01-03,0.877
2018-01-04,0.754
2018-01-05,0.754
2018-01-06,0.383
2018-01-07,0.125
2018-01-08,0.125
2018-01-09,0.125
2018-01-10,0.076
2018-01-11,0.076
2018-01-12,0.076
2018-01-13,0.076
2018-01-14,0.0
2018-01-15,0.0
2018-01-16,0.0
2018-01-17,0.0
2018-01-18,0.0
2018-01-19,0.0
2018-01-20,0.0
2018-01-21,0.0
2018-01-22,0.0
2018-01-23,0.0
2018-01-24,0.0
2018-01-25,0.0
2018-01-26,0.0
2018-01-27,0.0
2018-01-28,0.0
2018-01-29,0.0
2018-01-30,0.0
2018-01-31,0.0
2018-02-01,0.027
2018-02-02,0.05
2018-02-03,0.0
2018-02-04,0.0
2018-02-05,0.223
2018-02-06,0.223
2018-02-07,0.223
2018-02-08,0.223
2018-02-09,0.223
2018-02-10,0.172
2018-02-11,0.096
2018-02-12,0.315
2018-02-13,0.315
2018-02-14,0.315
2018-02-15,0.315
2018-02-16,0.315
2018-02-17,0.06
2018-02-18,0.048
2018-02-19,0.048
2018-02-20,0.048
2018-02-21,0.048
2018-02-22,0.048
2018-02-23,0.048
2018-02-24,0.0
2018-02-25,0.0
2018-02-26,0.0
2018-02-27,0.0
2018-02-28,0.0
2018-03-01,0.0
2018-03-02,0.0
2018-03-03,0.0
2018-03-04,0.0
2018-03-05,0.022
2018-03-06,0.022
2018-03-07,0.022
2018-03-08,0.022
2018-03-09,0.022
2018-03-10,0.022
2018-03-11,0.022
2018-03-12,0.022
2018-03-13,0.022
2018-03-14,0.022
2018-03-15,0.022
2018-03-16,0.022
2018-03-17,0.0
2018-03-18,0.0
2018-03-19,0.027
2018-03-20,0.027
2018-03-21,0.027
2018-03-22,0.027
2018-03-23,0.027
2018-03-24,0.027
2018-03-25,0.027
2018-03-26,0.894
2018-03-27,0.894
2018-03-28,0.894
2018-03-29,0.978
2018-03-30,0.978
2018-03-31,0.978
2018-04-01,0.952
2018-04-02,0.952
2018-04-03,0.952
2018-04-04,0.924
2018-04-05,0.828
2018-04-06,0.828
2018-04-07,0.509
2018-04-08,0.035
2018-04-09,0.035
2018-04-10,0.035
2018-04-11,0.035
2018-04-12,0.035
2018-04-13,0.035
2018-04-14,0.0
2018-04-15,0.0
2018-04-16,0.0
2018-04-17,0.0
2018-04-18,0.0
2018-04-19,0.0
2018-04-20,0.0
2018-04-21,0.0
2018-04-22,0.0
2018-04-23,0.0
2018-04-24,0.0
2018-04-25,0.0
2018-04-26,0.0
2018-04-27,0.0
2018-04-28,0.0
2018-04-29,0.0
2018-04-30,0.12
2018-05-01,0.0
2018-05-02,0.0
2018-05-03,0.0
2018-05-04,0.0
2018-05-05,0.0
2018-05-06,0.0
2018-05-07,0.022
2018-05-08,0.022
2018-05-09,0.022
2018-05-10,0.022
2018-05-11,0.325
2018-05-12,0.026
2018-05-13,0.026
2018-05-14,0.026
2018-05-15,0.026
2018-05-16,0.026
2018-05-17,0.026
2018-05-18,0.122
2018-05-19,0.171
2018-05-20,0.145
2018-05-21,0.145
2018-05-22,0.724
2018-05-23,0.507
2018-05-24,0.507
2018-05-25,0.507
2018-05-26,0.292
2018-05-27,0.292
2018-05-28,0.292
2018-05-29,0.292
2018-05-30,0.292
2018-05-31,0.292
2018-06-01,0.292
2018-06-02,0.292
2018-06-03,0.0
2018-06-04,0.0
2018-06-05,0.0
2018-06-06,0.0
2018-06-07,0.0
2018-06-08,0.0
2018-06-09,0.0
2018-06-10,0.0
2018-06-11,0.0
2018-06-12,0.0
2018-06-13,0.0
2018-06-14,0.0
2018-06-15,0.0
2018-06-16,0.0
2018-06-17,0.0
2018-06-18,0.0
2018-06-19,0.0
2018-06-20,0.0
2018-06-21,0.0
2018-06-22,0.0
2018-06-23,0.0
2018-06-24,0.0
2018-06-25,0.137
2018-06-26,0.137
2018-06-27,0.137
2018-06-28,0.19
2018-06-29,0.19
2018-06-30,0.19
2018-07-01,0.19
2018-07-02,0.264
2018-07-03,0.264
2018-07-04,0.264
2018-07-05,0.361
2018-07-06,0.361
2018-07-07,0.361
2018-07-08,0.361
2018-07-09,0.493
2018-07-10,0.493
2018-07-11,0.493
2018-07-12,0.493
2018-07-13,0.493
2018-07-14,0.493
2018-07-15,0.493
2018-07-16,0.708
2018-07-17,0.708
2018-07-18,0.708
2018-07-19,0.708
2018-07-20,0.708
2018-07-21,0.708
2018-07-22,0.708
2018-07-23,0.708
2018-07-24,0.708
2018-07-25,0.708
2018-07-26,0.842
2018-07-27,0.842
2018-07-28,0.842
2018-07-29,0.842
2018-07-30,1.0
2018-07-31,1.0
2018-08-01,1.0
2018-08-02,1.0
2018-08-03,1.0
2018-08-04,0.863
2018-08-05,0.863
2018-08-06,0.863
2018-08-07,0.863
2018-08-08,0.863
2018-08-09,0.81
2018-08-10,0.81
2018-08-11,0.761
2018-08-12,0.736
2018-08-13,0.736
2018-08-14,0.736
2018-08-15,0.736
2018-08-16,0.714
2018-08-17,0.714
2018-08-18,0.669
2018-08-19,0.507
2018-08-20,0.507
2018-08-21,0.507
2018-08-22,0.507
2018-08-23,0.507
2018-08-24,0.507
2018-08-25,0.507
2018-08-26,0.507
2018-08-27,0.507
2018-08-28,0.507
2018-08-29,0.292
2018-08-30,0.292
2018-08-31,0.292
2018-09-01,0.292
2018-09-02,0.292
2018-09-03,0.292
2018-09-04,0.292
2018-09-05,0.292
2018-09-06,0.292
2018-09-07,0.292
2018-09-08,0.292
2018-09-09,0.158
2018-09-10,0.158
2018-09-11,0.0
2018-09-12,0.0
2018-09-13,0.0
2018-09-14,0.0
2018-09-15,0.0
2018-09-16,0.0
2018-09-17,0.0
2018-09-18,0.0
2018-09-19,0.0
2018-09-20,0.0
2018-09-21,0.0
2018-09-22,0.0
2018-09-23,0.0
2018-09-24,0.0
2018-09-25,0.0
2018-09-26,0.0
2018-09-27,0.0
2018-09-28,0.0
2018-09-29,0.0
2018-09-30,0.0
2018-10-01,0.273
2018-10-02,0.273
2018-10-03,0.273
2018-10-04,0.273
2018-10-05,0.273
2018-10-06,0.273
2018-10-07,0.273
2018-10-08,0.418
2018-10-09,0.418
2018-10-10,0.418
2018-10-11,0.418
2018-10-12,0.418
2018-10-13,0.289
2018-10-14,0.083
2018-10-15,0.298
2018-10-16,0.298
2018-10-17,0.298
2018-10-18,0.298
2018-10-19,0.298
2018-10-20,0.263
2018-10-21,0.215
2018-10-22,0.29
2018-10-23,0.29
2018-10-24,0.29
2018-10-25,0.29
2018-10-26,0.29
2018-10-27,0.29
2018-10-28,0.075
2018-10-29,0.367
2018-10-30,0.367
2018-10-31,0.367
2018-11-01,0.464
2018-11-02,0.464
2018-11-03,0.0
2018-11-04,0.0
2018-11-05,0.0
2018-11-06,0.0
2018-11-07,0.0
2018-11-08,0.0
2018-11-09,0.0
2018-11-10,0.0
2018-11-11,0.0
2018-11-12,0.0
2018-11-13,0.0
2018-11-14,0.0
2018-11-15,0.0
2018-11-16,0.0
2018-11-17,0.0
2018-11-18,0.0
2018-11-19,0.0
2018-11-20,0.0
2018-11-21,0.158
2018-11-22,0.0
2018-11-23,0.0
2018-11-24,0.0
2018-11-25,0.0
2018-11-26,0.0
2018-11-27,0.0
2018-11-28,0.0
2018-11-29,0.0
2018-11-30,0.0
2018-12-01,0.0
2018-12-02,0.0
2018-12-03,0.0
2018-12-04,0.0
2018-12-05,0.0
2018-12-06,0.0
2018-12-07,0.0
2018-12-08,0.0
2018-12-09,0.0
2018-12-10,0.0
2018-12-11,0.0
2018-12-12,0.0
2018-12-13,0.0
2018-12-14,0.0
2018-12-15,0.0
2018-12-16,0.0
2018-12-17,0.0
2018-12-18,0.0
2018-12-19,0.026
2018-12-20,0.109
2018-12-21,0.385
2018-12-22,0.667
2018-12-23,0.667
2018-12-24,1.0
2018-12-25,1.0
2018-12-26,1.0
2018-12-27,1.0
2018-12-28,1.0
2018-12-29,1.0
2018-12-30,1.0
2018-12-31,1.0
2019-01-01,1.0
2019-01-02,1.0
2019-01-03,1.0
2019-01-04,1.0
2019-01-05,0.539
2019-01-06,0.076
2019-01-07,0.076
2019-01-08,0.076
2019-01-09,0.076
2019-01-10,0.076
2019-01-11,0.076
2019-01-12,0.076
2019-01-13,0.0
2019-01-14,0.0
2019-01-15,0.0
2019-01-16,0.0
2019-01-17,0.0
2019-01-18,0.0
2019-01-19,0.0
2019-01-20,0.0
2019-01-21,0.0
2019-01-22,0.0
2019-01-23,0.0
2019-01-24,0.0
2019-01-25,0.0
2019-01-26,0.0
2019-01-27,0.0
2019-01-28,0.0
2019-01-29,0.0
2019-01-30,0.0
2019-01-31,0.027
2019-02-01,0.05
2019-02-02,0.0
2019-02-03,0.0
2019-02-04,0.172
2019-02-05,0.172
2019-02-06,0.172
2019-02-07,0.172
2019-02-08,0.172
2019-02-09,0.172
2019-02-10,0.096
2019-02-11,0.148
2019-02-12,0.148
2019-02-13,0.148
2019-02-14,0.148
2019-02-15,0.148
2019-02-16,0.0
2019-02-17,0.0
2019-02-18,0.048
2019-02-19,0.048
2019-02-20,0.048
2019-02-21,0.048
2019-02-22,0.048
2019-02-23,0.048
2019-02-24,0.048
2019-02-25,0.11
2019-02-26,0.11
2019-02-27,0.11
2019-02-28,0.11
2019-03-01,0.11
2019-03-02,0.06
2019-03-03,0.012
2019-03-04,0.193
2019-03-05,0.193
2019-03-06,0.181
2019-03-07,0.181
2019-03-08,0.181
2019-03-09,0.022
2019-03-10,0.022
2019-03-11,0.022
2019-03-12,0.022
2019-03-13,0.022
2019-03-14,0.022
2019-03-15,0.022
2019-03-16,0.0
2019-03-17,0.0
2019-03-18,0.0
2019-03-19,0.0
2019-03-20,0.0
2019-03-21,0.0
2019-03-22,0.0
2019-03-23,0.0
2019-03-24,0.0
2019-03-25,0.0
2019-03-26,0.0
2019-03-27,0.0
2019-03-28,0.0
2019-03-29,0.0
2019-03-30,0.0
2019-03-31,0.0
2019-04-01,0.0
2019-04-02,0.0
2019-04-03,0.0
2019-04-04,0.035
2019-04-05,0.035
2019-04-06,0.043
2019-04-07,0.043
2019-04-08,0.062
2019-04-09,0.062
2019-04-10,0.062
2019-04-11,0.062
2019-04-12,0.062
2019-04-13,0.062
2019-04-14,0.062
2019-04-15,0.842
2019-04-16,0.842
2019-04-17,0.854
2019-04-18,0.88
2019-04-19,0.893
2019-04-20,0.893
2019-04-21,0.893
2019-04-22,0.893
2019-04-23,0.943
2019-04-24,0.915
2019-04-25,0.819
2019-04-26,0.819
2019-04-27,0.683
2019-04-28,0.075
2019-04-29,0.075
2019-04-30,0.075
2019-05-01,0.0
2019-05-02,0.0
2019-05-03,0.0
2019-05-04,0.0
2019-05-05,0.0
2019-05-06,0.0
2019-05-07,0.0
2019-05-08,0.0
2019-05-09,0.0
2019-05-10,0.0
2019-05-11,0.0
2019-05-12,0.0
2019-05-13,0.022
2019-05-14,0.022
2019-05-15,0.022
2019-05-16,0.022
2019-05-17,0.022
2019-05-18,0.0
2019-05-19,0.0
2019-05-20,0.0
2019-05-21,0.0
2019-05-22,0.0
2019-05-23,0.0
2019-05-24,0.0
2019-05-25,0.0
2019-05-26,0.0
2019-05-27,0.0
2019-05-28,0.0
2019-05-29,0.0
2019-05-30,0.0
2019-05-31,0.325
2019-06-01,0.026
2019-06-02,0.0
2019-06-03,0.0
2019-06-04,0.0
2019-06-05,0.0
2019-06-06,0.0
2019-06-07,0.096
2019-06-08,0.096
2019-06-09,0.096
2019-06-10,0.096
2019-06-11,0.676
2019-06-12,0.292
2019-06-13,0.292
2019-06-14,0.292
2019-06-15,0.292
2019-06-16,0.292
2019-06-17,0.292
2019-06-18,0.292
2019-06-19,0.292
2019-06-20,0.367
2019-06-21,0.367
2019-06-22,0.075
2019-06-23,0.075
2019-06-24,0.075
2019-06-25,0.075
2019-06-26,0.075
2019-06-27,0.097
2019-06-28,0.097
2019-06-29,0.097
2019-06-30,0.097
2019-07-01,0.366
2019-07-02,0.366
2019-07-03,0.366
2019-07-04,0.419
2019-07-05,0.419
2019-07-06,0.419
2019-07-07,0.419
2019-07-08,0.493
2019-07-09,0.493
2019-07-10,0.493
2019-07-11,0.493
2019-07-12,0.493
2019-07-13,0.493
2019-07-14,0.493
2019-07-15,0.708
2019-07-16,0.708
2019-07-17,0.708
2019-07-18,0.708
2019-07-19,0.708
2019-07-20,0.708
2019-07-21,0.708
2019-07-22,0.708
2019-07-23,0.708
2019-07-24,0.708
2019-07-25,0.708
2019-07-26,0.708
2019-07-27,0.708
2019-07-28,0.708
2019-07-29,1.0
2019-07-30,1.0
2019-07-31,1.0
2019-08-01,1.0
2019-08-02,1.0
2019-08-03,0.955
2019-08-04,0.925
2019-08-05,0.925
2019-08-06,0.925
2019-08-07,0.925
2019-08-08,0.903
2019-08-09,0.903
2019-08-10,0.766
2019-08-11,0.634
2019-08-12,0.634
2019-08-13,0.634
2019-08-14,0.634
2019-08-15,0.581
2019-08-16,0.581
2019-08-17,0.532
2019-08-18,0.507
2019-08-19,0.507
2019-08-20,0.507
2019-08-21,0.507
2019-08-22,0.507
2019-08-23,0.507
2019-08-24,0.507
2019-08-25,0.507
2019-08-26,0.507
2019-08-27,0.507
2019-08-28,0.292
2019-08-29,0.292
2019-08-30,0.292
2019-08-31,0.292
2019-09-01,0.292
2019-09-02,0.292
2019-09-03,0.292
2019-09-04,0.292
2019-09-05,0.292
2019-09-06,0.292
2019-09-07,0.292
2019-09-08,0.292
2019-09-09,0.292
2019-09-10,0.134
2019-09-11,0.0
2019-09-12,0.0
2019-09-13,0.0
2019-09-14,0.0
2019-09-15,0.0
2019-09-16,0.0
2019-09-17,0.0
2019-09-18,0.0
2019-09-19,0.0
2019-09-20,0.0
2019-09-21,0.0
2019-09-22,0.0
2019-09-23,0.0
2019-09-24,0.0
2019-09-25,0.0
2019-09-26,0.0
2019-09-27,0.0
2019-09-28,0.0
2019-09-29,0.0
2019-09-30,0.125
2019-10-01,0.125
2019-10-02,0.125
2019-10-03,0.125
2019-10-04,0.407
2019-10-05,0.266
2019-10-06,0.266
2019-10-07,0.444
2019-10-08,0.444
2019-10-09,0.444
2019-10-10,0.444
2019-10-11,0.444
2019-10-12,0.369
2019-10-13,0.197
2019-10-14,0.46
2019-10-15,0.46
2019-10-16,0.46
2019-10-17,0.46
2019-10-18,0.46
2019-10-19,0.333
2019-10-20,0.263
2019-10-21,0.263
2019-10-22,0.263
2019-10-23,0.263
2019-10-24,0.263
2019-10-25,0.263
2019-10-26,0.215
2019-10-27,0.0
2019-10-28,0.292
2019-10-29,0.292
2019-10-30,0.292
2019-10-31,0.292
2019-11-01,0.145
2019-11-02,0.0
2019-11-03,0.0
2019-11-04,0.0
2019-11-05,0.0
2019-11-06,0.0
2019-11-07,0.0
2019-11-08,0.0
2019-11-09,0.0
2019-11-10,0.0
2019-11-11,0.0
2019-11-12,0.0
2019-11-13,0.0
2019-11-14,0.0
2019-11-15,0.0
2019-11-16,0.0
2019-11-17,0.0
2019-11-18,0.0
2019-11-19,0.0
2019-11-20,0.158
2019-11-21,0.0
2019-11-22,0.0
2019-11-23,0.0
2019-11-24,0.0
2019-11-25,0.0
2019-11-26,0.0
2019-11-27,0.0
2019-11-28,0.0
2019-11-29,0.0
2019-11-30,0.0
2019-12-01,0.0
2019-12-02,0.0
2019-12-03,0.0
2019-12-04,0.0
2019-12-05,0.0
2019-12-06,0.0
2019-12-07,0.0
2019-12-08,0.0
2019-12-09,0.0
2019-12-10,0.0
2019-12-11,0.0
2019-12-12,0.0
2019-12-13,0.0
2019-12-14,0.0
2019-12-15,0.0
2019-12-16,0.0
2019-12-17,0.0
2019-12-18,0.0
2019-12-19,0.0
2019-12-20,0.022
2019-12-21,0.104
2019-12-22,0.104
2019-12-23,1.0
2019-12-24,1.0
2019-12-25,1.0
2019-12-26,1.0
2019-12-27,1.0
2019-12-28,1.0
2019-12-29,1.0
2019-12-30,1.0
2019-12-31,1.0
2020-01-01,1.0
2020-01-02,1.0
2020-01-03,1.0
2020-01-04,0.862
2020-01-05,0.403
2020-01-06,0.403
2020-01-07,0.076
2020-01-08,0.076
2020-01-09,0.076
2020-01-10,0.076
2020-01-11,0.076
2020-01-12,0.0
2020-01-13,0.0
2020-01-14,0.0
2020-01-15,0.0
2020-01-16,0.0
2020-01-17,0.0
2020-01-18,0.0
2020-01-19,0.0
2020-01-20,0.0
2020-01-21,0.0
2020-01-22,0.0
2020-01-23,0.0
2020-01-24,0.0
2020-01-25,0.0
2020-01-26,0.0
2020-01-27,0.0
2020-01-28,0.0
2020-01-29,0.0
2020-01-30,0.0
2020-01-31,0.022
2020-02-01,0.0
2020-02-02,0.0
2020-02-03,0.102
2020-02-04,0.102
2020-02-05,0.075
2020-02-06,0.075
2020-02-07,0.075
2020-02-08,0.075
2020-02-09,0.0
2020-02-10,0.196
2020-02-11,0.196
2020-02-12,0.196
2020-02-13,0.196
2020-02-14,0.196
2020-02-15,0.145
2020-02-16,0.145
2020-02-17,0.206
2020-02-18,0.206
2020-02-19,0.206
2020-02-20,0.206
2020-02-21,0.206
2020-02-22,0.06
2020-02-23,0.012
2020-02-24,0.17
2020-02-25,0.17
2020-02-26,0.158
2020-02-27,0.158
2020-02-28,0.158
2020-02-29,0.0
2020-03-01,0.0
2020-03-02,0.022
2020-03-03,0.022
2020-03-04,0.022
2020-03-05,0.022
2020-03-06,0.022
2020-03-07,0.022
2020-03-08,0.022
2020-03-09,0.022
2020-03-10,0.022
2020-03-11,0.022
2020-03-12,0.022
2020-03-13,0.022
2020-03-14,0.0
2020-03-15,0.0
2020-03-16,0.0
2020-03-17,0.0
2020-03-18,0.0
2020-03-19,0.0
2020-03-20,0.0
2020-03-21,0.0
2020-03-22,0.0
2020-03-23,0.0
2020-03-24,0.0
2020-03-25,0.0
2020-03-26,0.0
2020-03-27,0.0
2020-03-28,0.008
2020-03-29,0.008
2020-03-30,0.062
2020-03-31,0.062
2020-04-01,0.062
2020-04-02,0.062
2020-04-03,0.062
2020-04-04,0.062
2020-04-05,0.062
2020-04-06,0.868
2020-04-07,0.868
2020-04-08,0.868
2020-04-09,0.917
2020-04-10,0.966
2020-04-11,0.966
2020-04-12,0.94
2020-04-13,0.94
2020-04-14,0.952
2020-04-15,0.924
2020-04-16,0.828
2020-04-17,0.828
2020-04-18,0.668
2020-04-19,0.012
2020-04-20,0.012
2020-04-21,0.012
2020-04-22,0.012
2020-04-23,0.012
2020-04-24,0.012
2020-04-25,0.0
2020-04-26,0.0
2020-04-27,0.0
2020-04-28,0.0
2020-04-29,0.0
2020-04-30,0.0
2020-05-01,0.0
2020-05-02,0.0
2020-05-03,0.0
2020-05-04,0.0
2020-05-05,0.0
2020-05-06,0.0
2020-05-07,0.0
2020-05-08,0.045
2020-05-09,0.0
2020-05-10,0.0
2020-05-11,0.0
2020-05-12,0.0
2020-05-13,0.0
2020-05-14,0.0
2020-05-15,0.0
2020-05-16,0.0
2020-05-17,0.0
2020-05-18,0.048
2020-05-19,0.048
2020-05-20,0.048
2020-05-21,0.048
2020-05-22,0.325
2020-05-23,0.026
2020-05-24,0.026
2020-05-25,0.026
2020-05-26,0.026
2020-05-27,0.026
2020-05-28,0.026
2020-05-29,0.122
2020-05-30,0.122
2020-05-31,0.096
2020-06-01,0.096
2020-06-02,0.631
2020-06-03,0.292
2020-06-04,0.292
2020-06-05,0.292
2020-06-06,0.292
2020-06-07,0.292
2020-06-08,0.292
2020-06-09,0.292
2020-06-10,0.292
2020-06-11,0.292
2020-06-12,0.292
2020-06-13,0.292
2020-06-14,0.0
2020-06-15,0.0
2020-06-16,0.0
2020-06-17,0.0
2020-06-18,0.0
2020-06-19,0.0
2020-06-20,0.0
2020-06-21,0.0
2020-06-22,0.096
2020-06-23,0.096
2020-06-24,0.096
2020-06-25,0.194
2020-06-26,0.194
2020-06-27,0.194
2020-06-28,0.194
2020-06-29,0.444
2020-06-30,0.444
2020-07-01,0.444
2020-07-02,0.444
2020-07-03,0.444
2020-07-04,0.444
2020-07-05,0.444
2020-07-06,0.581
2020-07-07,0.581
2020-07-08,0.581
2020-07-09,0.581
2020-07-10,0.581
2020-07-11,0.581
2020-07-12,0.581
2020-07-13,0.581
2020-07-14,0.581
2020-07-15,0.581
2020-07-16,0.634
2020-07-17,0.634
2020-07-18,0.634
2020-07-19,0.634
2020-07-20,0.708
2020-07-21,0.708
2020-07-22,0.708
2020-07-23,0.708
2020-07-24,0.708
2020-07-25,0.708
2020-07-26,0.708
2020-07-27,0.866
2020-07-28,0.866
2020-07-29,0.866
2020-07-30,1.0
2020-07-31,1.0
2020-08-01,1.0
2020-08-02,0.904
2020-08-03,0.904
2020-08-04,0.904
2020-08-05,0.904
2020-08-06,0.881
2020-08-07,0.881
2020-08-08,0.837
2020-08-09,0.771
2020-08-10,0.771
2020-08-11,0.771
2020-08-12,0.556
2020-08-13,0.556
2020-08-14,0.556
2020-08-15,0.419
2020-08-16,0.419
2020-08-17,0.419
2020-08-18,0.419
2020-08-19,0.419
2020-08-20,0.419
2020-08-21,0.419
2020-08-22,0.419
2020-08-23,0.419
2020-08-24,0.419
2020-08-25,0.419
2020-08-26,0.419
2020-08-27,0.366
2020-08-28,0.366
2020-08-29,0.317
2020-08-30,0.292
2020-08-31,0.292
2020-09-01,0.292
2020-09-02,0.292
2020-09-03,0.292
2020-09-04,0.292
2020-09-05,0.292
2020-09-06,0.292
2020-09-07,0.292
2020-09-08,0.134
2020-09-09,0.134
2020-09-10,0.134
2020-09-11,0.134
2020-09-12,0.134
2020-09-13,0.0
2020-09-14,0.0
2020-09-15,0.0
2020-09-16,0.0
2020-09-17,0.0
2020-09-18,0.0
2020-09-19,0.0
2020-09-20,0.0
2020-09-21,0.0
2020-09-22,0.0
2020-09-23,0.0
2020-09-24,0.0
2020-09-25,0.0
2020-09-26,0.0
2020-09-27,0.0
2020-09-28,0.0
2020-09-29,0.0
2020-09-30,0.0
2020-10-01,0.0
2020-10-02,0.0
2020-10-03,0.0
2020-10-04,0.0
2020-10-05,0.23
2020-10-06,0.23
2020-10-07,0.23
2020-10-08,0.23
2020-10-09,0.23
2020-10-10,0.23
2020-10-11,0.133
2020-10-12,0.512
2020-10-13,0.512
2020-10-14,0.512
2020-10-15,0.512
2020-10-16,0.512
2020-10-17,0.515
2020-10-18,0.404
2020-10-19,0.478
2020-10-20,0.478
2020-10-21,0.478
2020-10-22,0.478
2020-10-23,0.478
2020-10-24,0.398
2020-10-25,0.074
2020-10-26,0.207
2020-10-27,0.207
2020-10-28,0.207
2020-10-29,0.207
2020-10-30,0.207
2020-10-31,0.341
2020-11-01,0.158
2020-11-02,0.255
2020-11-03,0.255
2020-11-04,0.158
2020-11-05,0.158
2020-11-06,0.158
2020-11-07,0.0
2020-11-08,0.0
2020-11-09,0.0
2020-11-10,0.0
2020-11-11,0.0
2020-11-12,0.0
2020-11-13,0.0
2020-11-14,0.0
2020-11-15,0.0
2020-11-16,0.0
2020-11-17,0.0
2020-11-18,0.158
2020-11-19,0.0
2020-11-20,0.0
2020-11-21,0.0
2020-11-22,0.0
2020-11-23,0.0
2020-11-24,0.0
2020-11-25,0.0
2020-11-26,0.0
2020-11-27,0.0
2020-11-28,0.0
2020-11-29,0.0
2020-11-30,0.0
2020-12-01,0.0
2020-12-02,0.0
2020-12-03,0.0
2020-12-04,0.0
2020-12-05,0.0
2020-12-06,0.0
2020-12-07,0.0
2020-12-08,0.0
2020-12-09,0.0
2020-12-10,0.0
2020-12-11,0.0
2020-12-12,0.0
2020-12-13,0.0
2020-12-14,0.0
2020-12-15,0.0
2020-12-16,0.0
2020-12-17,0.0
2020-12-18,0.0
2020-12-19,0.083
2020-12-20,0.083
2020-12-21,0.833
2020-12-22,0.833
2020-12-23,1.0
2020-12-24,1.0
2020-12-25,1.0
2020-12-26,1.0
2020-12-27,1.0
2020-12-28,1.0
2020-12-29,1.0
2020-12-30,1.0
2020-12-31,1.0
2021-01-01,0.939
2021-01-02,0.939
2021-01-03,0.694
2021-01-04,0.694
2021-01-05,0.671
2021-01-06,0.671
2021-01-07,0.421
2021-01-08,0.421
2021-01-09,0.394
2021-01-10,0.026
2021-01-11,0.0
2021-01-12,0.0
2021-01-13,0.0
2021-01-14,0.0
2021-01-15,0.0
2021-01-16,0.0
2021-01-17,0.0
2021-01-18,0.0
2021-01-19,0.0
2021-01-20,0.0
2021-01-21,0.0
2021-01-22,0.0
2021-01-23,0.0
2021-01-24,0.0
2021-01-25,0.025
2021-01-26,0.025
2021-01-27,0.025
2021-01-28,0.025
2021-01-29,0.048
2021-01-30,0.025
2021-01-31,0.048
2021-02-01,0.151
2021-02-02,0.151
2021-02-03,0.123
2021-02-04,0.123
2021-02-05,0.123
2021-02-06,0.22
2021-02-07,0.096
2021-02-08,0.122
2021-02-09,0.122
2021-02-10,0.122
2021-02-11,0.122
2021-02-12,0.122
2021-02-13,0.122
2021-02-14,0.096
2021-02-15,0.108
2021-02-16,0.108
2021-02-17,0.108
2021-02-18,0.108
2021-02-19,0.108
2021-02-20,0.0
2021-02-21,0.0
2021-02-22,0.0
2021-02-23,0.0
2021-02-24,0.0
2021-02-25,0.0
2021-02-26,0.0
2021-02-27,0.0
2021-02-28,0.0
2021-03-01,0.022
2021-03-02,0.022
2021-03-03,0.022
2021-03-04,0.022
2021-03-05,0.022
2021-03-06,0.022
2021-03-07,0.022
2021-03-08,0.022
2021-03-09,0.022
2021-03-10,0.022
2021-03-11,0.022
2021-03-12,0.022
2021-03-13,0.0
2021-03-14,0.0
2021-03-15,0.0
2021-03-16,0.0
2021-03-17,0.0
2021-03-18,0.0
2021-03-19,0.0
2021-03-20,0.0
2021-03-21,0.0
2021-03-22,0.0
2021-03-23,0.0
2021-03-24,0.0
2021-03-25,0.0
2021-03-26,0.0
2021-03-27,0.057
2021-03-28,0.057
2021-03-29,0.733
2021-03-30,0.733
2021-03-31,0.733
2021-04-01,0.902
2021-04-02,0.768
2021-04-03,0.768
2021-04-04,0.742
2021-04-05,0.742
2021-04-06,0.952
2021-04-07,0.902
2021-04-08,0.794
2021-04-09,0.794
2021-04-10,0.744
2021-04-11,0.111
2021-04-12,0.111
2021-04-13,0.111
2021-04-14,0.111
2021-04-15,0.111
2021-04-16,0.111
2021-04-17,0.0
2021-04-18,0.0
2021-04-19,0.0
2021-04-20,0.0
2021-04-21,0.0
2021-04-22,0.0
2021-04-23,0.0
2021-04-24,0.0
2021-04-25,0.0
2021-04-26,0.0
2021-04-27,0.0
2021-04-28,0.0
2021-04-29,0.0
2021-04-30,0.0
2021-05-01,0.0
2021-05-02,0.0
2021-05-03,0.0
2021-05-04,0.0
2021-05-05,0.0
2021-05-06,0.0
2021-05-07,0.0
2021-05-08,0.0
2021-05-09,0.0
2021-05-10,0.048
2021-05-11,0.048
2021-05-12,0.048
2021-05-13,0.048
2021-05-14,0.325
2021-05-15,0.061
2021-05-16,0.026
2021-05-17,0.026
2021-05-18,0.026
2021-05-19,0.026
2021-05-20,0.026
2021-05-21,0.122
2021-05-22,0.122
2021-05-23,0.096
2021-05-24,0.096
2021-05-25,0.692
2021-05-26,0.353
2021-05-27,0.353
2021-05-28,0.353
2021-05-29,0.342
2021-05-30,0.342
2021-05-31,0.342
2021-06-01,0.342
2021-06-02,0.342
2021-06-03,0.292
2021-06-04,0.292
2021-06-05,0.134
2021-06-06,0.0
2021-06-07,0.0
2021-06-08,0.0
2021-06-09,0.0
2021-06-10,0.0
2021-06-11,0.0
2021-06-12,0.0
2021-06-13,0.0
2021-06-14,0.0
2021-06-15,0.0
2021-06-16,0.0
2021-06-17,0.0
2021-06-18,0.0
2021-06-19,0.0
2021-06-20,0.0
2021-06-21,0.132
2021-06-22,0.132
2021-06-23,0.132
2021-06-24,0.229
2021-06-25,0.229
2021-06-26,0.229
2021-06-27,0.229
2021-06-28,0.229
2021-06-29,0.229
2021-06-30,0.229
2021-07-01,0.229
2021-07-02,0.229
2021-07-03,0.229
2021-07-04,0.229
2021-07-05,0.444
2021-07-06,0.444
2021-07-07,0.444
2021-07-08,0.444
2021-07-09,0.444
2021-07-10,0.444
2021-07-11,0.444
2021-07-12,0.444
2021-07-13,0.444
2021-07-14,0.444
2021-07-15,0.444
2021-07-16,0.444
2021-07-17,0.444
2021-07-18,0.444
2021-07-19,0.581
2021-07-20,0.581
2021-07-21,0.581
2021-07-22,0.634
2021-07-23,0.634
2021-07-24,0.634
2021-07-25,0.634
2021-07-26,0.708
2021-07-27,0.708
2021-07-28,0.708
2021-07-29,0.842
2021-07-30,1.0
2021-07-31,1.0
2021-08-01,0.868
2021-08-02,0.868
2021-08-03,0.868
2021-08-04,0.868
2021-08-05,0.846
2021-08-06,0.846
2021-08-07,0.802
2021-08-08,0.771
2021-08-09,0.771
2021-08-10,0.771
2021-08-11,0.771
2021-08-12,0.771
2021-08-13,0.771
2021-08-14,0.771
2021-08-15,0.771
2021-08-16,0.771
2021-08-17,0.771
2021-08-18,0.556
2021-08-19,0.556
2021-08-20,0.556
2021-08-21,0.556
2021-08-22,0.556
2021-08-23,0.556
2021-08-24,0.556
2021-08-25,0.556
2021-08-26,0.556
2021-08-27,0.556
2021-08-28,0.419
2021-08-29,0.419
2021-08-30,0.419
2021-08-31,0.419
2021-09-01,0.419
2021-09-02,0.366
2021-09-03,0.366
2021-09-04,0.317
2021-09-05,0.292
2021-09-06,0.292
2021-09-07,0.292
2021-09-08,0.292
2021-09-09,0.292
2021-09-10,0.292
2021-09-11,0.292
2021-09-12,0.158
2021-09-13,0.158
2021-09-14,0.0
2021-09-15,0.0
2021-09-16,0.0
2021-09-17,0.0
2021-09-18,0.0
2021-09-19,0.0
2021-09-20,0.0
2021-09-21,0.0
2021-09-22,0.0
2021-09-23,0.0
2021-09-24,0.0
2021-09-25,0.0
2021-09-26,0.0
2021-09-27,0.0
2021-09-28,0.0
2021-09-29,0.0
2021-09-30,0.0
2021-10-01,0.0
2021-10-02,0.096
2021-10-03,0.096
2021-10-04,0.154
2021-10-05,0.154
2021-10-06,0.154
2021-10-07,0.154
2021-10-08,0.154
2021-10-09,0.154
2021-10-10,0.057
2021-10-11,0.473
2021-10-12,0.473
2021-10-13,0.473
2021-10-14,0.473
2021-10-15,0.473
2021-10-16,0.45
2021-10-17,0.415
2021-10-18,0.503
2021-10-19,0.503
2021-10-20,0.503
2021-10-21,0.503
2021-10-22,0.503
2021-10-23,0.453
2021-10-24,0.088
2021-10-25,0.139
2021-10-26,0.139
2021-10-27,0.139
2021-10-28,0.139
2021-10-29,0.139
2021-10-30,0.108
2021-10-31,0.159
2021-11-01,0.122
2021-11-02,0.414
2021-11-03,0.317
2021-11-04,0.317
2021-11-05,0.317
2021-11-06,0.159
2021-11-07,0.0
2021-11-08,0.0
2021-11-09,0.0
2021-11-10,0.0
2021-11-11,0.0
2021-11-12,0.0
2021-11-13,0.0
2021-11-14,0.0
2021-11-15,0.0
2021-11-16,0.0
2021-11-17,0.158
2021-11-18,0.0
2021-11-19,0.0
2021-11-20,0.0
2021-11-21,0.0
2021-11-22,0.0
2021-11-23,0.0
2021-11-24,0.0
2021-11-25,0.0
2021-11-26,0.0
2021-11-27,0.0
2021-11-28,0.0
2021-11-29,0.0
2021-11-30,0.0
2021-12-01,0.0
2021-12-02,0.0
2021-12-03,0.0
2021-12-04,0.0
2021-12-05,0.0
2021-12-06,0.0
2021-12-07,0.0
2021-12-08,0.0
2021-12-09,0.0
2021-12-10,0.0
2021-12-11,0.0
2021-12-12,0.0
2021-12-13,0.0
2021-12-14,0.0
2021-12-15,0.0
2021-12-16,0.0
2021-12-17,0.0
2021-12-18,0.026
2021-12-19,0.026
2021-12-20,0.056
2021-12-21,0.056
2021-12-22,0.153
2021-12-23,0.626
2021-12-24,1.0
2021-12-25,1.0
2021-12-26,1.0
2021-12-27,1.0
2021-12-28,1.0
2021-12-29,1.0
2021-12-30,1.0
2021-12-31,1.0
2022-01-01,0.754
2022-01-02,0.706
2022-01-03,0.731
2022-01-04,0.719
2022-01-05,0.671
2022-01-06,0.671
2022-01-07,0.671
2022-01-08,0.652
2022-01-09,0.0
2022-01-10,0.0
2022-01-11,0.0
2022-01-12,0.0
2022-01-13,0.0
2022-01-14,0.0
2022-01-15,0.0
2022-01-16,0.0
2022-01-17,0.0
2022-01-18,0.0
2022-01-19,0.0
2022-01-20,0.0
2022-01-21,0.0
2022-01-22,0.0
2022-01-23,0.0
2022-01-24,0.0
2022-01-25,0.0
2022-01-26,0.0
2022-01-27,0.0
2022-01-28,0.022
2022-01-29,0.045
2022-01-30,0.045
2022-01-31,0.102
2022-02-01,0.102
2022-02-02,0.075
2022-02-03,0.075
2022-02-04,0.075
2022-02-05,0.172
2022-02-06,0.096
2022-02-07,0.096
2022-02-08,0.096
2022-02-09,0.096
2022-02-10,0.096
2022-02-11,0.096
2022-02-12,0.196
2022-02-13,0.196
2022-02-14,0.196
2022-02-15,0.196
2022-02-16,0.196
2022-02-17,0.196
2022-02-18,0.196
2022-02-19,0.1
2022-02-20,0.048
2022-02-21,0.11
2022-02-22,0.11
2022-02-23,0.11
2022-02-24,0.11
2022-02-25,0.11
2022-02-26,0.06
2022-02-27,0.012
2022-02-28,0.17
2022-03-01,0.17
2022-03-02,0.158
2022-03-03,0.158
2022-03-04,0.158
2022-03-05,0.0
2022-03-06,0.0
2022-03-07,0.067
2022-03-08,0.022
2022-03-09,0.022
2022-03-10,0.022
2022-03-11,0.022
2022-03-12,0.022
2022-03-13,0.022
2022-03-14,0.022
2022-03-15,0.022
2022-03-16,0.022
2022-03-17,0.022
2022-03-18,0.022
2022-03-19,0.0
2022-03-20,0.0
2022-03-21,0.0
2022-03-22,0.0
2022-03-23,0.0
2022-03-24,0.0
2022-03-25,0.0
2022-03-26,0.0
2022-03-27,0.0
2022-03-28,0.0
2022-03-29,0.0
2022-03-30,0.0
2022-03-31,0.0
2022-04-01,0.0
2022-04-02,0.0
2022-04-03,0.0
2022-04-04,0.062
2022-04-05,0.062
2022-04-06,0.062
2022-04-07,0.062
2022-04-08,0.062
2022-04-09,0.062
2022-04-10,0.062
2022-04-11,0.734
2022-04-12,0.734
2022-04-13,0.784
2022-04-14,0.929
2022-04-15,0.844
2022-04-16,0.844
2022-04-17,0.783
2022-04-18,0.783
2022-04-19,0.917
2022-04-20,0.889
2022-04-21,0.793
2022-04-22,0.793
2022-04-23,0.732
2022-04-24,0.0
2022-04-25,0.0
2022-04-26,0.0
2022-04-27,0.0
2022-04-28,0.0
2022-04-29,0.0
2022-04-30,0.0
2022-05-01,0.0
2022-05-02,0.0
2022-05-03,0.0
2022-05-04,0.0
2022-05-05,0.0
2022-05-06,0.0
2022-05-07,0.0
2022-05-08,0.0
2022-05-09,0.0
2022-05-10,0.0
2022-05-11,0.0
2022-05-12,0.0
2022-05-13,0.0
2022-05-14,0.0
2022-05-15,0.0
2022-05-16,0.0
2022-05-17,0.0
2022-05-18,0.0
2022-05-19,0.0
2022-05-20,0.0
2022-05-21,0.0
2022-05-22,0.0
2022-05-23,0.048
2022-05-24,0.048
2022-05-25,0.048
2022-05-26,0.048
2022-05-27,0.325
2022-05-28,0.061
2022-05-29,0.0
2022-05-30,0.0
2022-05-31,0.0
2022-06-01,0.0
2022-06-02,0.0
2022-06-03,0.096
2022-06-04,0.096
2022-06-05,0.096
2022-06-06,0.096
2022-06-07,0.472
2022-06-08,0.304
2022-06-09,0.304
2022-06-10,0.304
2022-06-11,0.292
2022-06-12,0.292
2022-06-13,0.292
2022-06-14,0.292
2022-06-15,0.292
2022-06-16,0.292
2022-06-17,0.292
2022-06-18,0.292
2022-06-19,0.0
2022-06-20,0.0
2022-06-21,0.0
2022-06-22,0.0
2022-06-23,0.0
2022-06-24,0.0
2022-06-25,0.0
2022-06-26,0.0
2022-06-27,0.215
2022-06-28,0.215
2022-06-29,0.215
2022-06-30,0.215
2022-07-01,0.215
2022-07-02,0.215
2022-07-03,0.215
2022-07-04,0.347
2022-07-05,0.347
2022-07-06,0.347
2022-07-07,0.444
2022-07-08,0.444
2022-07-09,0.444
2022-07-10,0.444
2022-07-11,0.444
2022-07-12,0.444
2022-07-13,0.444
2022-07-14,0.497
2022-07-15,0.497
2022-07-16,0.497
2022-07-17,0.497
2022-07-18,0.571
2022-07-19,0.571
2022-07-20,0.571
2022-07-21,0.571
2022-07-22,0.571
2022-07-23,0.571
2022-07-24,0.571
2022-07-25,0.708
2022-07-26,0.708
2022-07-27,0.708
2022-07-28,0.842
2022-07-29,0.842
2022-07-30,0.842
2022-07-31,0.842
2022-08-01,1.0
2022-08-02,1.0
2022-08-03,1.0
2022-08-04,1.0
2022-08-05,1.0
2022-08-06,1.0
2022-08-07,1.0
2022-08-08,1.0
2022-08-09,1.0
2022-08-10,0.785
2022-08-11,0.785
2022-08-12,0.785
2022-08-13,0.785
2022-08-14,0.653
2022-08-15,0.653
2022-08-16,0.653
2022-08-17,0.653
2022-08-18,0.631
2022-08-19,0.631
2022-08-20,0.587
2022-08-21,0.556
2022-08-22,0.556
2022-08-23,0.556
2022-08-24,0.556
2022-08-25,0.503
2022-08-26,0.503
2022-08-27,0.454
2022-08-28,0.429
2022-08-29,0.429
2022-08-30,0.429
2022-08-31,0.429
2022-09-01,0.429
2022-09-02,0.429
2022-09-03,0.292
2022-09-04,0.292
2022-09-05,0.292
2022-09-06,0.292
2022-09-07,0.292
2022-09-08,0.292
2022-09-09,0.292
2022-09-10,0.292
2022-09-11,0.158
2022-09-12,0.158
2022-09-13,0.0
2022-09-14,0.0
2022-09-15,0.0
2022-09-16,0.0
2022-09-17,0.0
2022-09-18,0.0
2022-09-19,0.0
2022-09-20,0.0
2022-09-21,0.0
2022-09-22,0.0
2022-09-23,0.0
2022-09-24,0.0
2022-09-25,0.0
2022-09-26,0.0
2022-09-27,0.0
2022-09-28,0.0
2022-09-29,0.0
2022-09-30,0.0
2022-10-01,0.0
2022-10-02,0.0
2022-10-03,0.0
2022-10-04,0.215
2022-10-05,0.215
2022-10-06,0.215
2022-10-07,0.215
2022-10-08,0.215
2022-10-09,0.215
2022-10-10,0.369
2022-10-11,0.369
2022-10-12,0.369
2022-10-13,0.369
2022-10-14,0.369
2022-10-15,0.272
2022-10-16,0.057
2022-10-17,0.208
2022-10-18,0.208
2022-10-19,0.208
2022-10-20,0.208
2022-10-21,0.208
2022-10-22,0.15
2022-10-23,0.15
2022-10-24,0.339
2022-10-25,0.339
2022-10-26,0.339
2022-10-27,0.339
2022-10-28,0.339
2022-10-29,0.32
2022-10-30,0.162
2022-10-31,0.454
2022-11-01,0.368
2022-11-02,0.501
2022-11-03,0.405
2022-11-04,0.405
2022-11-05,0.075
2022-11-06,0.0
2022-11-07,0.0
2022-11-08,0.0
2022-11-09,0.0
2022-11-10,0.0
2022-11-11,0.0
2022-11-12,0.0
2022-11-13,0.0
2022-11-14,0.0
2022-11-15,0.0
2022-11-16,0.158
2022-11-17,0.0
2022-11-18,0.0
2022-11-19,0.0
2022-11-20,0.0
2022-11-21,0.0
2022-11-22,0.0
2022-11-23,0.0
2022-11-24,0.0
2022-11-25,0.0
2022-11-26,0.0
2022-11-27,0.0
2022-11-28,0.0
2022-11-29,0.0
2022-11-30,0.0
2022-12-01,0.0
2022-12-02,0.0
2022-12-03,0.0
2022-12-04,0.0
2022-12-05,0.0
2022-12-06,0.0
2022-12-07,0.0
2022-12-08,0.0
2022-12-09,0.0
2022-12-10,0.0
2022-12-11,0.0
2022-12-12,0.0
2022-12-13,0.0
2022-12-14,0.0
2022-12-15,0.0
2022-12-16,0.0
2022-12-17,0.0
2022-12-18,0.0
2022-12-19,0.0
2022-12-20,0.0
2022-12-21,0.16
2022-12-22,0.492
2022-12-23,0.842
2022-12-24,1.0
2022-12-25,1.0
2022-12-26,1.0
2022-12-27,1.0
2022-12-28,1.0
2022-12-29,1.0
2022-12-30,1.0
2022-12-31,1.0
2023-01-01,1.0
2023-01-02,1.0
2023-01-03,0.761
2023-01-04,0.706
2023-01-05,0.694
2023-01-06,0.668
2023-01-07,0.403
2023-01-08,0.0
2023-01-09,0.0
2023-01-10,0.0
2023-01-11,0.0
2023-01-12,0.0
2023-01-13,0.0
2023-01-14,0.0
2023-01-15,0.0
2023-01-16,0.0
2023-01-17,0.0
2023-01-18,0.0
2023-01-19,0.0
2023-01-20,0.0
2023-01-21,0.0
2023-01-22,0.0
2023-01-23,0.0
2023-01-24,0.0
2023-01-25,0.0
2023-01-26,0.0
2023-01-27,0.022
2023-01-28,0.0
2023-01-29,0.0
2023-01-30,0.102
2023-01-31,0.102
2023-02-01,0.075
2023-02-02,0.075
2023-02-03,0.075
2023-02-04,0.045
2023-02-05,0.0
2023-02-06,0.122
2023-02-07,0.122
2023-02-08,0.122
2023-02-09,0.122
2023-02-10,0.122
2023-02-11,0.122
2023-02-12,0.096
2023-02-13,0.17
2023-02-14,0.17
2023-02-15,0.17
2023-02-16,0.17
2023-02-17,0.17
2023-02-18,0.145
2023-02-19,0.048
2023-02-20,0.219
2023-02-21,0.219
2023-02-22,0.219
2023-02-23,0.219
2023-02-24,0.219
2023-02-25,0.0
2023-02-26,0.0
2023-02-27,0.0
2023-02-28,0.0
2023-03-01,0.0
2023-03-02,0.0
2023-03-03,0.0
2023-03-04,0.0
2023-03-05,0.0
2023-03-06,0.022
2023-03-07,0.022
2023-03-08,0.022
2023-03-09,0.022
2023-03-10,0.022
2023-03-11,0.022
2023-03-12,0.022
2023-03-13,0.022
2023-03-14,0.022
2023-03-15,0.022
2023-03-16,0.022
2023-03-17,0.022
2023-03-18,0.0
2023-03-19,0.0
2023-03-20,0.0
2023-03-21,0.0
2023-03-22,0.0
2023-03-23,0.0
2023-03-24,0.0
2023-03-25,0.0
2023-03-26,0.0
2023-03-27,0.027
2023-03-28,0.027
2023-03-29,0.027
2023-03-30,0.027
2023-03-31,0.027
2023-04-01,0.027
2023-04-02,0.027
2023-04-03,0.76
2023-04-04,0.76
2023-04-05,0.76
2023-04-06,0.929
2023-04-07,0.795
2023-04-08,0.795
2023-04-09,0.769
2023-04-10,0.769
2023-04-11,0.902
2023-04-12,0.875
2023-04-13,0.767
2023-04-14,0.767
2023-04-15,0.692
2023-04-16,0.111
2023-04-17,0.111
2023-04-18,0.111
2023-04-19,0.111
2023-04-20,0.111
2023-04-21,0.111
2023-04-22,0.111
2023-04-23,0.0
2023-04-24,0.0
2023-04-25,0.0
2023-04-26,0.0
2023-04-27,0.0
2023-04-28,0.0
2023-04-29,0.0
2023-04-30,0.0
2023-05-01,0.0
2023-05-02,0.0
2023-05-03,0.0
2023-05-04,0.0
2023-05-05,0.0
2023-05-06,0.0
2023-05-07,0.0
2023-05-08,0.0
2023-05-09,0.0
2023-05-10,0.0
2023-05-11,0.0
2023-05-12,0.0
2023-05-13,0.0
2023-05-14,0.0
2023-05-15,0.048
2023-05-16,0.048
2023-05-17,0.048
2023-05-18,0.048
2023-05-19,0.325
2023-05-20,0.035
2023-05-21,0.0
2023-05-22,0.0
2023-05-23,0.0
2023-05-24,0.0
2023-05-25,0.0
2023-05-26,0.096
2023-05-27,0.096
2023-05-28,0.096
2023-05-29,0.096
2023-05-30,0.737
2023-05-31,0.353
2023-06-01,0.353
2023-06-02,0.353
2023-06-03,0.342
2023-06-04,0.342
2023-06-05,0.342
2023-06-06,0.342
2023-06-07,0.342
2023-06-08,0.292
2023-06-09,0.292
2023-06-10,0.0
2023-06-11,0.0
2023-06-12,0.0
2023-06-13,0.0
2023-06-14,0.0
2023-06-15,0.0
2023-06-16,0.0
2023-06-17,0.0
2023-06-18,0.0
2023-06-19,0.0
2023-06-20,0.0
2023-06-21,0.0
2023-06-22,0.215
2023-06-23,0.215
2023-06-24,0.215
2023-06-25,0.215
2023-06-26,0.215
2023-06-27,0.215
2023-06-28,0.215
2023-06-29,0.215
2023-06-30,0.215
2023-07-01,0.215
2023-07-02,0.215
2023-07-03,0.215
2023-07-04,0.215
2023-07-05,0.215
2023-07-06,0.268
2023-07-07,0.268
2023-07-08,0.268
2023-07-09,0.268
2023-07-10,0.342
2023-07-11,0.342
2023-07-12,0.342
2023-07-13,0.439
2023-07-14,0.439
2023-07-15,0.439
2023-07-16,0.439
2023-07-17,0.571
2023-07-18,0.571
2023-07-19,0.571
2023-07-20,0.571
2023-07-21,0.571
2023-07-22,0.571
2023-07-23,0.571
2023-07-24,0.708
2023-07-25,0.708
2023-07-26,0.708
2023-07-27,0.842
2023-07-28,0.842
2023-07-29,0.842
2023-07-30,0.842
2023-07-31,1.0
2023-08-01,1.0
2023-08-02,1.0
2023-08-03,1.0
2023-08-04,1.0
2023-08-05,0.785
2023-08-06,0.785
2023-08-07,0.785
2023-08-08,0.785
2023-08-09,0.785
2023-08-10,0.785
2023-08-11,0.785
2023-08-12,0.785
2023-08-13,0.785
2023-08-14,0.785
2023-08-15,0.785
2023-08-16,0.785
2023-08-17,0.732
2023-08-18,0.732
2023-08-19,0.683
2023-08-20,0.658
2023-08-21,0.658
2023-08-22,0.658
2023-08-23,0.658
2023-08-24,0.636
2023-08-25,0.636
2023-08-26,0.591
2023-08-27,0.429
2023-08-28,0.429
2023-08-29,0.429
2023-08-30,0.429
2023-08-31,0.429
2023-09-01,0.429
2023-09-02,0.292
2023-09-03,0.292
2023-09-04,0.292
2023-09-05,0.292
2023-09-06,0.292
2023-09-07,0.292
2023-09-08,0.292
2023-09-09,0.292
2023-09-10,0.158
2023-09-11,0.158
2023-09-12,0.0
2023-09-13,0.0
2023-09-14,0.0
2023-09-15,0.0
2023-09-16,0.0
2023-09-17,0.0
2023-09-18,0.0
2023-09-19,0.0
2023-09-20,0.0
2023-09-21,0.0
2023-09-22,0.0
2023-09-23,0.0
2023-09-24,0.0
2023-09-25,0.0
2023-09-26,0.0
2023-09-27,0.0
2023-09-28,0.0
2023-09-29,0.0
2023-09-30,0.0
2023-10-01,0.0
2023-10-02,0.409
2023-10-03,0.289
2023-10-04,0.289
2023-10-05,0.289
2023-10-06,0.289
2023-10-07,0.289
2023-10-08,0.289
2023-10-09,0.385
2023-10-10,0.385
2023-10-11,0.385
2023-10-12,0.385
2023-10-13,0.385
2023-10-14,0.385
2023-10-15,0.0
2023-10-16,0.16
2023-10-17,0.16
2023-10-18,0.16
2023-10-19,0.16
2023-10-20,0.16
2023-10-21,0.16
2023-10-22,0.16
2023-10-23,0.323
2023-10-24,0.323
2023-10-25,0.323
2023-10-26,0.323
2023-10-27,0.323
2023-10-28,0.216
2023-10-29,0.14
2023-10-30,0.577
2023-10-31,0.379
2023-11-01,0.475
2023-11-02,0.379
2023-11-03,0.379
2023-11-04,0.075
2023-11-05,0.0
2023-11-06,0.0
2023-11-07,0.0
2023-11-08,0.0
2023-11-09,0.0
2023-11-10,0.0
2023-11-11,0.0
2023-11-12,0.0
2023-11-13,0.0
2023-11-14,0.0
2023-11-15,0.0
2023-11-16,0.0
2023-11-17,0.0
2023-11-18,0.0
2023-11-19,0.0
2023-11-20,0.0
2023-11-21,0.0
2023-11-22,0.158
2023-11-23,0.0
2023-11-24,0.0
2023-11-25,0.0
2023-11-26,0.0
2023-11-27,0.0
2023-11-28,0.0
2023-11-29,0.0
2023-11-30,0.0
2023-12-01,0.0
2023-12-02,0.0
2023-12-03,0.0
2023-12-04,0.0
2023-12-05,0.0
2023-12-06,0.0
2023-12-07,0.0
2023-12-08,0.0
2023-12-09,0.0
2023-12-10,0.0
2023-12-11,0.0
2023-12-12,0.0
2023-12-13,0.0
2023-12-14,0.0
2023-12-15,0.0
2023-12-16,0.0
2023-12-17,0.0
2023-12-18,0.0
2023-12-19,0.0
2023-12-20,0.0
2023-12-21,0.349
2023-12-22,0.397
2023-12-23,0.821
2023-12-24,0.821
2023-12-25,0.821
2023-12-26,0.821
2023-12-27,1.0
2023-12-28,1.0
2023-12-29,1.0
2023-12-30,1.0
2023-12-31,1.0
